{
    "super": [
        {
            "id": 1,
            "pid": 0,
            "type": "menu",
            "title": "首页",
            "name": "home",
            "path": "",
            "icon": "fa fa-home",
            "menu_type": "tab",
            "url": "",
            "component": "/src/views/index.vue",
            "keepalive": "home",
            "extend": "none",
            "children": []
        },
        {
            "id": 2,
            "pid": 0,
            "type": "menu",
            "title": "管理员",
            "name": "admin",
            "path": "admin",
            "icon": "fa fa-user",
            "menu_type": "tab",
            "url": "",
            "component": "/src/views/admin/index.vue",
            "keepalive": "admin",
            "extend": "none",
            "children": [
                {
                    "id": 3,
                    "pid": 2,
                    "type": "button",
                    "title": "查看",
                    "name": "admin/index",
                    "path": "",
                    "icon": "",
                    "menu_type": null,
                    "url": "",
                    "component": "",
                    "keepalive": 0,
                    "extend": "none"
                },
                {
                    "id": 4,
                    "pid": 2,
                    "type": "button",
                    "title": "添加",
                    "name": "admin/add",
                    "path": "",
                    "icon": "",
                    "menu_type": null,
                    "url": "",
                    "component": "",
                    "keepalive": 0,
                    "extend": "none"
                },
                {
                    "id": 5,
                    "pid": 2,
                    "type": "button",
                    "title": "编辑",
                    "name": "admin/edit",
                    "path": "",
                    "icon": "",
                    "menu_type": null,
                    "url": "",
                    "component": "",
                    "keepalive": 0,
                    "extend": "none"
                },
                {
                    "id": 6,
                    "pid": 2,
                    "type": "button",
                    "title": "删除",
                    "name": "admin/del",
                    "path": "",
                    "icon": "",
                    "menu_type": null,
                    "url": "",
                    "component": "",
                    "keepalive": 0,
                    "extend": "none"
                }
            ]
        },
        {
            "id": 7,
            "pid": 0,
            "type": "menu",
            "title": "应用",
            "name": "soft",
            "path": "soft",
            "icon": "fa fa-cubes",
            "menu_type": "tab",
            "url": "",
            "component": "/src/views/soft/index.vue",
            "keepalive": "soft",
            "extend": "none",
            "children": [
                {
                    "id": 8,
                    "pid": 7,
                    "type": "button",
                    "title": "查看",
                    "name": "soft/index",
                    "path": "",
                    "icon": "",
                    "menu_type": null,
                    "url": "",
                    "component": "",
                    "keepalive": 0,
                    "extend": "none"
                },
                {
                    "id": 9,
                    "pid": 7,
                    "type": "button",
                    "title": "添加",
                    "name": "soft/add",
                    "path": "",
                    "icon": "",
                    "menu_type": null,
                    "url": "",
                    "component": "",
                    "keepalive": 0,
                    "extend": "none"
                },
                {
                    "id": 10,
                    "pid": 7,
                    "type": "button",
                    "title": "编辑",
                    "name": "soft/edit",
                    "path": "",
                    "icon": "",
                    "menu_type": null,
                    "url": "",
                    "component": "",
                    "keepalive": 0,
                    "extend": "none"
                },
                {
                    "id": 11,
                    "pid": 7,
                    "type": "button",
                    "title": "删除",
                    "name": "soft/del",
                    "path": "",
                    "icon": "",
                    "menu_type": null,
                    "url": "",
                    "component": "",
                    "keepalive": 0,
                    "extend": "none"
                }
            ]
        },
        {
            "id": 12,
            "pid": 0,
            "type": "menu",
            "title": "版本",
            "name": "version",
            "path": "version",
            "icon": "fa fa-puzzle-piece",
            "menu_type": "tab",
            "url": "",
            "component": "/src/views/version/index.vue",
            "keepalive": "version",
            "extend": "none",
            "children": [
                {
                    "id": 13,
                    "pid": 12,
                    "type": "button",
                    "title": "查看",
                    "name": "version/index",
                    "path": "",
                    "icon": "",
                    "menu_type": null,
                    "url": "",
                    "component": "",
                    "keepalive": 0,
                    "extend": "none"
                },
                {
                    "id": 14,
                    "pid": 12,
                    "type": "button",
                    "title": "添加",
                    "name": "version/add",
                    "path": "",
                    "icon": "",
                    "menu_type": null,
                    "url": "",
                    "component": "",
                    "keepalive": 0,
                    "extend": "none"
                },
                {
                    "id": 15,
                    "pid": 12,
                    "type": "button",
                    "title": "编辑",
                    "name": "version/edit",
                    "path": "",
                    "icon": "",
                    "menu_type": null,
                    "url": "",
                    "component": "",
                    "keepalive": 0,
                    "extend": "none"
                },
                {
                    "id": 16,
                    "pid": 12,
                    "type": "button",
                    "title": "删除",
                    "name": "version/del",
                    "path": "",
                    "icon": "",
                    "menu_type": null,
                    "url": "",
                    "component": "",
                    "keepalive": 0,
                    "extend": "none"
                }
            ]
        },
        {
            "id": 17,
            "pid": 0,
            "type": "menu",
            "title": "回复",
            "name": "reply",
            "path": "reply",
            "icon": "fa fa-commenting",
            "menu_type": "tab",
            "url": "",
            "component": "/src/views/reply/index.vue",
            "keepalive": "reply",
            "extend": "none",
            "children": [
                {
                    "id": 18,
                    "pid": 17,
                    "type": "button",
                    "title": "查看",
                    "name": "reply/index",
                    "path": "",
                    "icon": "",
                    "menu_type": null,
                    "url": "",
                    "component": "",
                    "keepalive": 0,
                    "extend": "none"
                },
                {
                    "id": 19,
                    "pid": 17,
                    "type": "button",
                    "title": "添加",
                    "name": "reply/add",
                    "path": "",
                    "icon": "",
                    "menu_type": null,
                    "url": "",
                    "component": "",
                    "keepalive": 0,
                    "extend": "none"
                },
                {
                    "id": 20,
                    "pid": 17,
                    "type": "button",
                    "title": "编辑",
                    "name": "reply/edit",
                    "path": "",
                    "icon": "",
                    "menu_type": null,
                    "url": "",
                    "component": "",
                    "keepalive": 0,
                    "extend": "none"
                },
                {
                    "id": 21,
                    "pid": 17,
                    "type": "button",
                    "title": "删除",
                    "name": "reply/del",
                    "path": "",
                    "icon": "",
                    "menu_type": null,
                    "url": "",
                    "component": "",
                    "keepalive": 0,
                    "extend": "none"
                }
            ]
        },
        {
            "id": 22,
            "pid": 0,
            "type": "menu",
            "title": "卡密",
            "name": "card",
            "path": "card",
            "icon": "fa fa-credit-card",
            "menu_type": "tab",
            "url": "",
            "component": "/src/views/card/index.vue",
            "keepalive": "card",
            "extend": "none",
            "children": [
                {
                    "id": 23,
                    "pid": 22,
                    "type": "button",
                    "title": "查看",
                    "name": "card/index",
                    "path": "",
                    "icon": "",
                    "menu_type": null,
                    "url": "",
                    "component": "",
                    "keepalive": 0,
                    "extend": "none"
                },
                {
                    "id": 24,
                    "pid": 22,
                    "type": "button",
                    "title": "添加",
                    "name": "card/add",
                    "path": "",
                    "icon": "",
                    "menu_type": null,
                    "url": "",
                    "component": "",
                    "keepalive": 0,
                    "extend": "none"
                },
                {
                    "id": 25,
                    "pid": 22,
                    "type": "button",
                    "title": "编辑",
                    "name": "card/edit",
                    "path": "",
                    "icon": "",
                    "menu_type": null,
                    "url": "",
                    "component": "",
                    "keepalive": 0,
                    "extend": "none"
                },
                {
                    "id": 26,
                    "pid": 22,
                    "type": "button",
                    "title": "删除",
                    "name": "card/del",
                    "path": "",
                    "icon": "",
                    "menu_type": null,
                    "url": "",
                    "component": "",
                    "keepalive": 0,
                    "extend": "none"
                }
            ]
        },
        {
            "id": 27,
            "pid": 0,
            "type": "menu",
            "title": "用户",
            "name": "user",
            "path": "user",
            "icon": "fa fa-users",
            "menu_type": "tab",
            "url": "",
            "component": "/src/views/user/index.vue",
            "keepalive": "user",
            "extend": "none",
            "children": [
                {
                    "id": 28,
                    "pid": 27,
                    "type": "button",
                    "title": "查看",
                    "name": "user/index",
                    "path": "",
                    "icon": "",
                    "menu_type": null,
                    "url": "",
                    "component": "",
                    "keepalive": 0,
                    "extend": "none"
                },
                {
                    "id": 29,
                    "pid": 27,
                    "type": "button",
                    "title": "添加",
                    "name": "user/add",
                    "path": "",
                    "icon": "",
                    "menu_type": null,
                    "url": "",
                    "component": "",
                    "keepalive": 0,
                    "extend": "none"
                },
                {
                    "id": 30,
                    "pid": 27,
                    "type": "button",
                    "title": "编辑",
                    "name": "user/edit",
                    "path": "",
                    "icon": "",
                    "menu_type": null,
                    "url": "",
                    "component": "",
                    "keepalive": 0,
                    "extend": "none"
                },
                {
                    "id": 31,
                    "pid": 27,
                    "type": "button",
                    "title": "删除",
                    "name": "user/del",
                    "path": "",
                    "icon": "",
                    "menu_type": null,
                    "url": "",
                    "component": "",
                    "keepalive": 0,
                    "extend": "none"
                }
            ]
        }
    ],
    "soft": [
        {
            "id": 1,
            "pid": 0,
            "type": "menu",
            "title": "首页",
            "name": "home",
            "path": "",
            "icon": "fa fa-home",
            "menu_type": "tab",
            "url": "",
            "component": "/src/views/index.vue",
            "keepalive": "home",
            "extend": "none",
            "children": []
        },
        {
            "id": 7,
            "pid": 0,
            "type": "menu",
            "title": "应用",
            "name": "soft",
            "path": "soft",
            "icon": "fa fa-cubes",
            "menu_type": "tab",
            "url": "",
            "component": "/src/views/soft/index.vue",
            "keepalive": "soft",
            "extend": "none",
            "children": [
                {
                    "id": 8,
                    "pid": 7,
                    "type": "button",
                    "title": "查看",
                    "name": "soft/index",
                    "path": "",
                    "icon": "",
                    "menu_type": null,
                    "url": "",
                    "component": "",
                    "keepalive": 0,
                    "extend": "none"
                },
                {
                    "id": 10,
                    "pid": 7,
                    "type": "button",
                    "title": "编辑",
                    "name": "soft/edit",
                    "path": "",
                    "icon": "",
                    "menu_type": null,
                    "url": "",
                    "component": "",
                    "keepalive": 0,
                    "extend": "none"
                }
            ]
        },
        {
            "id": 12,
            "pid": 0,
            "type": "menu",
            "title": "版本",
            "name": "version",
            "path": "version",
            "icon": "fa fa-puzzle-piece",
            "menu_type": "tab",
            "url": "",
            "component": "/src/views/version/index.vue",
            "keepalive": "version",
            "extend": "none",
            "children": [
                {
                    "id": 13,
                    "pid": 12,
                    "type": "button",
                    "title": "查看",
                    "name": "version/index",
                    "path": "",
                    "icon": "",
                    "menu_type": null,
                    "url": "",
                    "component": "",
                    "keepalive": 0,
                    "extend": "none"
                },
                {
                    "id": 14,
                    "pid": 12,
                    "type": "button",
                    "title": "添加",
                    "name": "version/add",
                    "path": "",
                    "icon": "",
                    "menu_type": null,
                    "url": "",
                    "component": "",
                    "keepalive": 0,
                    "extend": "none"
                },
                {
                    "id": 15,
                    "pid": 12,
                    "type": "button",
                    "title": "编辑",
                    "name": "version/edit",
                    "path": "",
                    "icon": "",
                    "menu_type": null,
                    "url": "",
                    "component": "",
                    "keepalive": 0,
                    "extend": "none"
                },
                {
                    "id": 16,
                    "pid": 12,
                    "type": "button",
                    "title": "删除",
                    "name": "version/del",
                    "path": "",
                    "icon": "",
                    "menu_type": null,
                    "url": "",
                    "component": "",
                    "keepalive": 0,
                    "extend": "none"
                }
            ]
        },
        {
            "id": 17,
            "pid": 0,
            "type": "menu",
            "title": "回复",
            "name": "reply",
            "path": "reply",
            "icon": "fa fa-commenting",
            "menu_type": "tab",
            "url": "",
            "component": "/src/views/reply/index.vue",
            "keepalive": "reply",
            "extend": "none",
            "children": [
                {
                    "id": 18,
                    "pid": 17,
                    "type": "button",
                    "title": "查看",
                    "name": "reply/index",
                    "path": "",
                    "icon": "",
                    "menu_type": null,
                    "url": "",
                    "component": "",
                    "keepalive": 0,
                    "extend": "none"
                },
                {
                    "id": 19,
                    "pid": 17,
                    "type": "button",
                    "title": "添加",
                    "name": "reply/add",
                    "path": "",
                    "icon": "",
                    "menu_type": null,
                    "url": "",
                    "component": "",
                    "keepalive": 0,
                    "extend": "none"
                },
                {
                    "id": 20,
                    "pid": 17,
                    "type": "button",
                    "title": "编辑",
                    "name": "reply/edit",
                    "path": "",
                    "icon": "",
                    "menu_type": null,
                    "url": "",
                    "component": "",
                    "keepalive": 0,
                    "extend": "none"
                },
                {
                    "id": 21,
                    "pid": 17,
                    "type": "button",
                    "title": "删除",
                    "name": "reply/del",
                    "path": "",
                    "icon": "",
                    "menu_type": null,
                    "url": "",
                    "component": "",
                    "keepalive": 0,
                    "extend": "none"
                }
            ]
        },
        {
            "id": 22,
            "pid": 0,
            "type": "menu",
            "title": "卡密",
            "name": "card",
            "path": "card",
            "icon": "fa fa-credit-card",
            "menu_type": "tab",
            "url": "",
            "component": "/src/views/card/index.vue",
            "keepalive": "card",
            "extend": "none",
            "children": [
                {
                    "id": 23,
                    "pid": 22,
                    "type": "button",
                    "title": "查看",
                    "name": "card/index",
                    "path": "",
                    "icon": "",
                    "menu_type": null,
                    "url": "",
                    "component": "",
                    "keepalive": 0,
                    "extend": "none"
                },
                {
                    "id": 24,
                    "pid": 22,
                    "type": "button",
                    "title": "添加",
                    "name": "card/add",
                    "path": "",
                    "icon": "",
                    "menu_type": null,
                    "url": "",
                    "component": "",
                    "keepalive": 0,
                    "extend": "none"
                },
                {
                    "id": 25,
                    "pid": 22,
                    "type": "button",
                    "title": "编辑",
                    "name": "card/edit",
                    "path": "",
                    "icon": "",
                    "menu_type": null,
                    "url": "",
                    "component": "",
                    "keepalive": 0,
                    "extend": "none"
                },
                {
                    "id": 26,
                    "pid": 22,
                    "type": "button",
                    "title": "删除",
                    "name": "card/del",
                    "path": "",
                    "icon": "",
                    "menu_type": null,
                    "url": "",
                    "component": "",
                    "keepalive": 0,
                    "extend": "none"
                }
            ]
        },
        {
            "id": 27,
            "pid": 0,
            "type": "menu",
            "title": "用户",
            "name": "user",
            "path": "user",
            "icon": "fa fa-users",
            "menu_type": "tab",
            "url": "",
            "component": "/src/views/user/index.vue",
            "keepalive": "user",
            "extend": "none",
            "children": [
                {
                    "id": 28,
                    "pid": 27,
                    "type": "button",
                    "title": "查看",
                    "name": "user/index",
                    "path": "",
                    "icon": "",
                    "menu_type": null,
                    "url": "",
                    "component": "",
                    "keepalive": 0,
                    "extend": "none"
                },
                {
                    "id": 29,
                    "pid": 27,
                    "type": "button",
                    "title": "添加",
                    "name": "user/add",
                    "path": "",
                    "icon": "",
                    "menu_type": null,
                    "url": "",
                    "component": "",
                    "keepalive": 0,
                    "extend": "none"
                },
                {
                    "id": 30,
                    "pid": 27,
                    "type": "button",
                    "title": "编辑",
                    "name": "user/edit",
                    "path": "",
                    "icon": "",
                    "menu_type": null,
                    "url": "",
                    "component": "",
                    "keepalive": 0,
                    "extend": "none"
                },
                {
                    "id": 31,
                    "pid": 27,
                    "type": "button",
                    "title": "删除",
                    "name": "user/del",
                    "path": "",
                    "icon": "",
                    "menu_type": null,
                    "url": "",
                    "component": "",
                    "keepalive": 0,
                    "extend": "none"
                }
            ]
        }
    ]
}
